Workbook

Sheet Parameterset
A1: Grondsoort | B1: Code | C1: color | D1: dash | E1: Vgverzadigd | F1: Vgonverzadigd | G1: MODEL_BFL | H1: MODEL_OFL | I1: Cohesie | J1: Cohesie kar | K1: Phi gem | L1: Phi kar | M1: Phi STDEV_prob | N1: S gem | O1: S kar | P1: S STDEV_prob | Q1: m gem | R1: m kar | S1: m STDEV_prob | T1: POP gem | U1: POP kar | V1: POP STDEV_prob | W1: POP gem kruin | X1: POP kar kruin | Y1: POP STDEV_prob kruin | Z1: AddState
A2: Basisveen | B2: BV | C2: #FF8B6A4A | D2: HORIZONTAL_A | E2: 12 | F2: 12 | G2: Su | H2: Su | I2: 0 | J2: 0 | K2: 0 | L2: 0 | M2: 0 | N2: 0.4 | O2: 0.35 | P2: 0.032 | Q2: 0.5 | R2: 0.5 | S2: 0 | T2: 26 | U2: 16.248 | V2: 7 | W2: 43 | X2: 28.713 | Y2: 10 | Z2: 1
A3: Dijksmateriaal klei | B3: Dk | C3: #FF8A6FA8 | D3: DIAGONAL_D | E3: 18.56 | F3: 18.56 | G3: SuTable | H3: SuTable | I3: 0 | J3: 0 | K3: 36.2 | L3: 33.63 | M3: 1.6 | N3: 0 | O3: 0 | P3: 0 | Q3: 0.44 | R3: 0.44 | S3: 0 | Z3: 0
A4: Dijksmateriaal zand | B4: Dz | C4: #FF9C7BB8 | D4: DOT_B | E4: 18.56 | F4: 18.56 | G4: MohrCoulombAdvanced | H4: MohrCoulombAdvanced | I4: 0 | J4: 0 | K4: 34 | L4: 32.403 | M4: 0.986 | N4: 0 | O4: 0 | P4: 0 | Q4: 0 | R4: 0 | S4: 0 | Z4: 0
A5: Klei siltig | B5: Ks | C5: #FFB6C98A | D5: DIAGONAL_A | E5: 16.86 | F5: 16.86 | G5: Su | H5: Su | I5: 0 | J5: 0 | K5: 0 | L5: 0 | M5: 0 | N5: 0.31 | O5: 0.274 | P5: 0.023 | Q5: 0.9 | R5: 0.9 | S5: 0 | T5: 26 | U5: 16.248 | V5: 7 | W5: 43 | X5: 28.713 | Y5: 10 | Z5: 1
A6: Klei siltig humeus | B6: Kh | C6: #FF7FA67A | D6: DIAGONAL_A | E6: 15.11 | F6: 15.11 | G6: Su | H6: Su | I6: 0 | J6: 0 | K6: 0 | L6: 0 | M6: 0 | N6: 0.35 | O6: 0.315 | P6: 0.022 | Q6: 0.8 | R6: 0.8 | S6: 0 | T6: 26 | U6: 16.248 | V6: 7 | W6: 43 | X6: 28.713 | Y6: 10 | Z6: 1
A7: Klei sterk organisch | B7: Ko | C7: #FF5F8F5A | D7: DIAGONAL_C | E7: 13.11 | F7: 13.11 | G7: Su | H7: Su | I7: 0 | J7: 0 | K7: 0 | L7: 0 | M7: 0 | N7: 0.35 | O7: 0.315 | P7: 0.022 | Q7: 0.8 | R7: 0.8 | S7: 0 | T7: 26 | U7: 16.248 | V7: 7 | W7: 43 | X7: 28.713 | Y7: 10 | Z7: 1
A8: Klei zandig | B8: Kz | C8: #FFC8D98A | D8: DIAGONAL_B | E8: 18.56 | F8: 18.56 | G8: SuTable | H8: SuTable | I8: 0 | J8: 0 | K8: =K4 -> 34 | L8: =L4 -> 32.403 | M8: =M4 -> 0.986 | N8: 0 | O8: 0 | P8: 0 | Q8: 0.44 | R8: 0.44 | S8: 0 | Z8: 0
A9: Ophoogmateriaal klei | B9: K_oph | C9: #FF8FB6D8 | D9: DIAGONAL_B | E9: 17 | F9: 19 | G9: MohrCoulombAdvanced | H9: MohrCoulombAdvanced | I9: 0 | J9: 0 | K9: 32 | L9: 27.007 | M9: 3.211 | N9: 0 | O9: 0 | P9: 0 | Q9: 0 | R9: 0 | S9: 0 | Z9: 0
A10: Ophoogmateriaal zand | B10: Z_oph | C10: #FFB8D9F2 | D10: DOT_A | E10: 17 | F10: 19 | G10: MohrCoulombAdvanced | H10: MohrCoulombAdvanced | I10: 0 | J10: 0 | K10: 35.5 | L10: 33.561 | M10: 1.2 | N10: 0 | O10: 0 | P10: 0 | Q10: 0 | R10: 0 | S10: 0 | Z10: 0
A11: Veen Kleiig | B11: Vk | C11: #FF9A7A5A | D11: HORIZONTAL_B | E11: 11.66 | F11: 11.66 | G11: Su | H11: Su | I11: 0 | J11: 0 | K11: 0 | L11: 0 | M11: 0 | N11: 0.4 | O11: 0.35 | P11: 0.032 | Q11: 0.5 | R11: 0.5 | S11: 0 | T11: 26 | U11: 16.248 | V11: 7 | W11: 43 | X11: 28.713 | Y11: 10 | Z11: 1
A12: Veen mineraalarm | B12: V | C12: #FF7A5A3A | D12: HORIZONTAL_A | E12: 10.55 | F12: 10.55 | G12: Su | H12: Su | I12: 0 | J12: 0 | K12: 0 | L12: 0 | M12: 0 | N12: 0.4 | O12: 0.35 | P12: 0.032 | Q12: 0.5 | R12: 0.5 | S12: 0 | T12: 26 | U12: 16.248 | V12: 7 | W12: 43 | X12: 28.713 | Y12: 10 | Z12: 1
A13: Zand | B13: Z | C13: #FFFFD66D | D13: DOT_A | E13: 18 | F13: 20 | G13: MohrCoulombAdvanced | H13: MohrCoulombAdvanced | I13: 0 | J13: 0 | K13: 34 | L13: 32.403 | M13: 0.986 | N13: 0 | O13: 0 | P13: 0 | Q13: 0 | R13: 0 | S13: 0 | Z13: 0
A14: Toplaag | B14: T | C14: #FF8A6FA8 | D14: DIAGONAL_C | E14: 18.56 | F14: 18.56 | G14: SuTable | H14: SuTable | I14: 0 | J14: 0 | K14: 0 | L14: 0 | M14: 0 | N14: 0 | O14: 0 | P14: 0 | Q14: 0.8 | R14: 0.8 | S14: 0 | Z14: 0
A15: Granuligth | B15: G | C15: #FF7A7A7A | D15: DOT_D | E15: 12 | F15: 18 | G15: MohrCoulombAdvanced | H15: MohrCoulombAdvanced | I15: 0 | J15: 0 | K15: 35 | L15: 35 | M15: 0 | N15: 0 | O15: 0 | P15: 0 | Q15: 0 | R15: 0 | S15: 0 | Z15: 0
A16: Zand gelaagd | B16: Zg | C16: #FFFFD66D | D16: DOT_A | E16: 18 | F16: 20 | G16: MohrCoulombAdvanced | H16: MohrCoulombAdvanced | I16: 0 | J16: 0 | K16: 32 | L16: 29.903 | M16: 1.303 | N16: 0 | O16: 0 | P16: 0 | Q16: 0 | R16: 0 | S16: 0 | Z16: 0
A17: Zand tussenlaag (watervoerend) | B17: ZTL | C17: #FFFFE58A | D17: DOT_B | E17: 18 | F17: 20 | G17: MohrCoulombAdvanced | H17: MohrCoulombAdvanced | I17: 0 | J17: 0 | K17: 34 | L17: 32.403 | M17: 0.986 | N17: 0 | O17: 0 | P17: 0 | Q17: 0 | R17: 0 | S17: 0 | Z17: 0
A18: Zand Gefundeerd (watervoerend) | B18: Z_f | C18: #FFFFD95A | D18: DOT_B | E18: 18 | F18: 20 | G18: MohrCoulombAdvanced | H18: MohrCoulombAdvanced | I18: 0 | J18: 0 | K18: 34 | L18: 32.403 | M18: 0.986 | N18: 0 | O18: 0 | P18: 0 | Q18: 0 | R18: 0 | S18: 0 | Z18: 0
A19: Zand pleistoceen (watervoerend) | B19: ZPL | C19: #FFE6C84A | D19: DOT_C | E19: 18 | F19: 20 | G19: MohrCoulombAdvanced | H19: MohrCoulombAdvanced | I19: 0 | J19: 0 | K19: 34 | L19: 32.403 | M19: 0.986 | N19: 0 | O19: 0 | P19: 0 | Q19: 0 | R19: 0 | S19: 0 | Z19: 0

Sheet SuTabel_T
A1: sigma_eff | B1: su_mean | C1: su_kar | D1: param | E1: value
A2: =Tabel363[[#This Row],[sigma_eff]] -> 1 | B2: =C2/EXP(-1.645*SQRT(LN(1+$E$7^2)) - 0.5*LN(1+$E$7^2)) -> 7.0054713 | C2: =MAX(4.14,SuTabel_Dk!C2/4) -> 4.14 | D2: sutable_prob | E2: 1
A3: =Tabel363[[#This Row],[sigma_eff]] -> 9.28 | B3: =C3/EXP(-1.645*SQRT(LN(1+$E$7^2)) - 0.5*LN(1+$E$7^2)) -> 7.0054713 | C3: =MAX(4.14,SuTabel_Dk!C3/4) -> 4.14 | D3: m_kar | E3: 0.44
A4: =Tabel363[[#This Row],[sigma_eff]] -> 10 | B4: =C4/EXP(-1.645*SQRT(LN(1+$E$7^2)) - 0.5*LN(1+$E$7^2)) -> 8.2934806 | C4: =C3 + (A4-A3)*(C5-C3)/(A5-A3) -> 4.9011706 | D4: m_mean | E4: 0.44
A5: =Tabel363[[#This Row],[sigma_eff]] -> 18.56 | B5: =C5/EXP(-1.645*SQRT(LN(1+$E$7^2)) - 0.5*LN(1+$E$7^2)) -> 23.60648 | C5: =SuTabel_Dk!C5 -> 13.950643 | D5: m_stdv | E5: 0
A6: =Tabel363[[#This Row],[sigma_eff]] -> 20 | B6: =C6/EXP(-1.645*SQRT(LN(1+$E$7^2)) - 0.5*LN(1+$E$7^2)) -> 24.77 | C6: =SuTabel_Dk!C6 -> 14.638244 | D6: m_prob | E6: 0
A7: =Tabel363[[#This Row],[sigma_eff]] -> 30 | B7: =C7/EXP(-1.645*SQRT(LN(1+$E$7^2)) - 0.5*LN(1+$E$7^2)) -> 31.22 | C7: =SuTabel_Dk!C7 -> 18.449979 | D7: var_coeff_sutable | E7: 0.3
A8: =Tabel363[[#This Row],[sigma_eff]] -> 40 | B8: =C8/EXP(-1.645*SQRT(LN(1+$E$7^2)) - 0.5*LN(1+$E$7^2)) -> 36.8 | C8: =SuTabel_Dk!C8 -> 21.747573
A9: =Tabel363[[#This Row],[sigma_eff]] -> 50 | B9: =C9/EXP(-1.645*SQRT(LN(1+$E$7^2)) - 0.5*LN(1+$E$7^2)) -> 41.82 | C9: =SuTabel_Dk!C9 -> 24.714226
A10: =Tabel363[[#This Row],[sigma_eff]] -> 60 | B10: =C10/EXP(-1.645*SQRT(LN(1+$E$7^2)) - 0.5*LN(1+$E$7^2)) -> 46.43 | C10: =SuTabel_Dk!C10 -> 27.438582
A11: =Tabel363[[#This Row],[sigma_eff]] -> 70 | B11: =C11/EXP(-1.645*SQRT(LN(1+$E$7^2)) - 0.5*LN(1+$E$7^2)) -> 50.73 | C11: =SuTabel_Dk!C11 -> 29.979739
A12: =Tabel363[[#This Row],[sigma_eff]] -> 80 | B12: =C12/EXP(-1.645*SQRT(LN(1+$E$7^2)) - 0.5*LN(1+$E$7^2)) -> 54.78 | C12: =SuTabel_Dk!C12 -> 32.373154
A13: =Tabel363[[#This Row],[sigma_eff]] -> 90 | B13: =C13/EXP(-1.645*SQRT(LN(1+$E$7^2)) - 0.5*LN(1+$E$7^2)) -> 58.61 | C13: =SuTabel_Dk!C13 -> 34.636556
A14: =Tabel363[[#This Row],[sigma_eff]] -> 100 | B14: =C14/EXP(-1.645*SQRT(LN(1+$E$7^2)) - 0.5*LN(1+$E$7^2)) -> 62.28 | C14: =SuTabel_Dk!C14 -> 36.805404
A15: =Tabel363[[#This Row],[sigma_eff]] -> 110 | B15: =C15/EXP(-1.645*SQRT(LN(1+$E$7^2)) - 0.5*LN(1+$E$7^2)) -> 65.79 | C15: =SuTabel_Dk!C15 -> 38.879697
A16: =Tabel363[[#This Row],[sigma_eff]] -> 120 | B16: =C16/EXP(-1.645*SQRT(LN(1+$E$7^2)) - 0.5*LN(1+$E$7^2)) -> 69.17 | C16: =SuTabel_Dk!C16 -> 40.877164
A17: =Tabel363[[#This Row],[sigma_eff]] -> 130 | B17: =C17/EXP(-1.645*SQRT(LN(1+$E$7^2)) - 0.5*LN(1+$E$7^2)) -> 72.43 | C17: =SuTabel_Dk!C17 -> 42.803715
A18: =Tabel363[[#This Row],[sigma_eff]] -> 140 | B18: =C18/EXP(-1.645*SQRT(LN(1+$E$7^2)) - 0.5*LN(1+$E$7^2)) -> 75.59 | C18: =SuTabel_Dk!C18 -> 44.67117
A19: =Tabel363[[#This Row],[sigma_eff]] -> 150 | B19: =C19/EXP(-1.645*SQRT(LN(1+$E$7^2)) - 0.5*LN(1+$E$7^2)) -> 78.66 | C19: =SuTabel_Dk!C19 -> 46.485438
A20: =Tabel363[[#This Row],[sigma_eff]] -> 160 | B20: =C20/EXP(-1.645*SQRT(LN(1+$E$7^2)) - 0.5*LN(1+$E$7^2)) -> 81.65 | C20: =SuTabel_Dk!C20 -> 48.252428

Sheet SuTabel_Kz
A1: sigma_eff | B1: su_mean | C1: su_kar | D1: param | E1: value
A2: 1 | B2: 4.55 | C2: =B2/EXP(-1.645*SQRT(LN(1+$E$7^2)) - 0.5*LN(1+$E$7^2)) -> 5.3881029 | D2: sutable_prob | E2: 1
A3: 9.28 | B3: =B2 + (A3-A2)*(B4-B2)/(A4-A2) -> 15.7188 | C3: =B3*EXP(-1.645*SQRT(LN(1+$E$7^2)) - 0.5*LN(1+$E$7^2)) -> 13.273789 | D3: m_kar | E3: 0.44
A4: 10 | B4: 16.69 | C4: =B4*EXP(-1.645*SQRT(LN(1+$E$7^2)) - 0.5*LN(1+$E$7^2)) -> 14.093922 | D4: m_mean | E4: 0.44
A5: 18.56 | B5: =B4 + (A5-A4)*(B6-B4)/(A6-A4) -> 23.60648 | C5: =B5*EXP(-1.645*SQRT(LN(1+$E$7^2)) - 0.5*LN(1+$E$7^2)) -> 19.934564 | D5: m_stdv | E5: 0
A6: 20 | B6: 24.77 | C6: =B6*EXP(-1.645*SQRT(LN(1+$E$7^2)) - 0.5*LN(1+$E$7^2)) -> 20.917102 | D6: m_prob | E6: 0
A7: =A6+10 -> 30 | B7: 31.22 | C7: =B7*EXP(-1.645*SQRT(LN(1+$E$7^2)) - 0.5*LN(1+$E$7^2)) -> 26.363825 | D7: var_coeff_sutable | E7: 0.1
A8: =A7+10 -> 40 | B8: 36.8 | C8: =B8*EXP(-1.645*SQRT(LN(1+$E$7^2)) - 0.5*LN(1+$E$7^2)) -> 31.075873
A9: =A8+10 -> 50 | B9: 41.82 | C9: =B9*EXP(-1.645*SQRT(LN(1+$E$7^2)) - 0.5*LN(1+$E$7^2)) -> 35.315027
A10: =A9+10 -> 60 | B10: 46.43 | C10: =B10*EXP(-1.645*SQRT(LN(1+$E$7^2)) - 0.5*LN(1+$E$7^2)) -> 39.207956
A11: =A10+10 -> 70 | B11: 50.73 | C11: =B11*EXP(-1.645*SQRT(LN(1+$E$7^2)) - 0.5*LN(1+$E$7^2)) -> 42.839104
A12: =A11+10 -> 80 | B12: 54.78 | C12: =B12*EXP(-1.645*SQRT(LN(1+$E$7^2)) - 0.5*LN(1+$E$7^2)) -> 46.259139
A13: =A12+10 -> 90 | B13: 58.61 | C13: =B13*EXP(-1.645*SQRT(LN(1+$E$7^2)) - 0.5*LN(1+$E$7^2)) -> 49.493394
A14: =A13+10 -> 100 | B14: 62.28 | C14: =B14*EXP(-1.645*SQRT(LN(1+$E$7^2)) - 0.5*LN(1+$E$7^2)) -> 52.592537
A15: =A14+10 -> 110 | B15: 65.79 | C15: =B15*EXP(-1.645*SQRT(LN(1+$E$7^2)) - 0.5*LN(1+$E$7^2)) -> 55.556567
A16: =A15+10 -> 120 | B16: 69.17 | C16: =B16*EXP(-1.645*SQRT(LN(1+$E$7^2)) - 0.5*LN(1+$E$7^2)) -> 58.410818
A17: =A16+10 -> 130 | B17: 72.43 | C17: =B17*EXP(-1.645*SQRT(LN(1+$E$7^2)) - 0.5*LN(1+$E$7^2)) -> 61.163735
A18: =A17+10 -> 140 | B18: 75.59 | C18: =B18*EXP(-1.645*SQRT(LN(1+$E$7^2)) - 0.5*LN(1+$E$7^2)) -> 63.832207
A19: =A18+10 -> 150 | B19: 78.66 | C19: =B19*EXP(-1.645*SQRT(LN(1+$E$7^2)) - 0.5*LN(1+$E$7^2)) -> 66.424678
... A22: =A21+10 -> 180 | B22: 87.39 | C22: =B22*EXP(-1.645*SQRT(LN(1+$E$7^2)) - 0.5*LN(1+$E$7^2)) -> 73.796753

Sheet SuTabel_Dk
A1: sigma_eff | B1: su_mean | C1: su_kar | D1: param | E1: value
A2: =Tabel363[[#This Row],[sigma_eff]] -> 1 | B2: =Tabel363[[#This Row],[su_mean]] -> 4.55 | C2: =B2*EXP(-1.645*SQRT(LN(1+$E$7^2)) - 0.5*LN(1+$E$7^2)) -> 2.6888983 | D2: sutable_prob | E2: 1
A3: 9.28 | B3: =Tabel363[[#This Row],[su_mean]] -> 15.7188 | C3: =B3*EXP(-1.645*SQRT(LN(1+$E$7^2)) - 0.5*LN(1+$E$7^2)) -> 9.2892868 | D3: m_kar | E3: 0.44
A4: 10 | B4: =Tabel363[[#This Row],[su_mean]] -> 16.69 | C4: =B4*EXP(-1.645*SQRT(LN(1+$E$7^2)) - 0.5*LN(1+$E$7^2)) -> 9.8632336 | D4: m_mean | E4: 0.44
A5: 18.56 | B5: =Tabel363[[#This Row],[su_mean]] -> 23.60648 | C5: =B5*EXP(-1.645*SQRT(LN(1+$E$7^2)) - 0.5*LN(1+$E$7^2)) -> 13.950643 | D5: m_stdv | E5: 0
A6: 20 | B6: =Tabel363[[#This Row],[su_mean]] -> 24.77 | C6: =B6*EXP(-1.645*SQRT(LN(1+$E$7^2)) - 0.5*LN(1+$E$7^2)) -> 14.638244 | D6: m_prob | E6: 0
A7: 30 | B7: =Tabel363[[#This Row],[su_mean]] -> 31.22 | C7: =B7*EXP(-1.645*SQRT(LN(1+$E$7^2)) - 0.5*LN(1+$E$7^2)) -> 18.449979 | D7: var_coeff_sutable | E7: 0.3
A8: 40 | B8: =Tabel363[[#This Row],[su_mean]] -> 36.8 | C8: =B8*EXP(-1.645*SQRT(LN(1+$E$7^2)) - 0.5*LN(1+$E$7^2)) -> 21.747573
A9: 50 | B9: =Tabel363[[#This Row],[su_mean]] -> 41.82 | C9: =B9*EXP(-1.645*SQRT(LN(1+$E$7^2)) - 0.5*LN(1+$E$7^2)) -> 24.714226
A10: 60 | B10: =Tabel363[[#This Row],[su_mean]] -> 46.43 | C10: =B10*EXP(-1.645*SQRT(LN(1+$E$7^2)) - 0.5*LN(1+$E$7^2)) -> 27.438582
A11: 70 | B11: =Tabel363[[#This Row],[su_mean]] -> 50.73 | C11: =B11*EXP(-1.645*SQRT(LN(1+$E$7^2)) - 0.5*LN(1+$E$7^2)) -> 29.979739
A12: 80 | B12: =Tabel363[[#This Row],[su_mean]] -> 54.78 | C12: =B12*EXP(-1.645*SQRT(LN(1+$E$7^2)) - 0.5*LN(1+$E$7^2)) -> 32.373154
A13: 90 | B13: =Tabel363[[#This Row],[su_mean]] -> 58.61 | C13: =B13*EXP(-1.645*SQRT(LN(1+$E$7^2)) - 0.5*LN(1+$E$7^2)) -> 34.636556
A14: 100 | B14: =Tabel363[[#This Row],[su_mean]] -> 62.28 | C14: =B14*EXP(-1.645*SQRT(LN(1+$E$7^2)) - 0.5*LN(1+$E$7^2)) -> 36.805404
A15: 110 | B15: =Tabel363[[#This Row],[su_mean]] -> 65.79 | C15: =B15*EXP(-1.645*SQRT(LN(1+$E$7^2)) - 0.5*LN(1+$E$7^2)) -> 38.879697
A16: 120 | B16: =Tabel363[[#This Row],[su_mean]] -> 69.17 | C16: =B16*EXP(-1.645*SQRT(LN(1+$E$7^2)) - 0.5*LN(1+$E$7^2)) -> 40.877164
A17: 130 | B17: =Tabel363[[#This Row],[su_mean]] -> 72.43 | C17: =B17*EXP(-1.645*SQRT(LN(1+$E$7^2)) - 0.5*LN(1+$E$7^2)) -> 42.803715
A18: 140 | B18: =Tabel363[[#This Row],[su_mean]] -> 75.59 | C18: =B18*EXP(-1.645*SQRT(LN(1+$E$7^2)) - 0.5*LN(1+$E$7^2)) -> 44.67117
A19: 150 | B19: =Tabel363[[#This Row],[su_mean]] -> 78.66 | C19: =B19*EXP(-1.645*SQRT(LN(1+$E$7^2)) - 0.5*LN(1+$E$7^2)) -> 46.485438
... A22: 180 | B22: =Tabel363[[#This Row],[su_mean]] -> 87.39 | C22: =B22*EXP(-1.645*SQRT(LN(1+$E$7^2)) - 0.5*LN(1+$E$7^2)) -> 51.644577
